{"accuracy": [0.029534511268138885, 0.04911717399954796, 0.08057785034179688, 0.08764044940471649, 0.12102729082107544, 0.14478330314159393, 0.16243980824947357, 0.18780095875263214, 0.21059389412403107, 0.2369181364774704, 0.26677367091178894, 0.2764045000076294, 0.28956660628318787, 0.336757630109787, 0.33194220066070557, 0.3531300127506256, 0.3733547329902649, 0.40449437499046326, 0.4035313129425049, 0.43691813945770264, 0.45489567518234253, 0.4703049659729004, 0.47640448808670044, 0.5043338537216187, 0.5248796343803406, 0.5223113894462585, 0.5502407550811768, 0.5579454302787781, 0.5768860578536987, 0.6044943928718567, 0.6000000238418579, 0.617977499961853], "loss": [3.7062630653381348, 3.4706530570983887, 3.266765594482422, 3.1423773765563965, 2.98420786857605, 2.866509199142456, 2.7859818935394287, 2.6544370651245117, 2.623929023742676, 2.5033915042877197, 2.410823345184326, 2.33896541595459, 2.3093488216400146, 2.1753766536712646, 2.1486904621124268, 2.0611112117767334, 2.001596689224243, 1.9203710556030273, 1.9093700647354126, 1.7764103412628174, 1.7134684324264526, 1.6767582893371582, 1.661933422088623, 1.5387015342712402, 1.4974406957626343, 1.5271968841552734, 1.4247243404388428, 1.3899917602539062, 1.3531062602996826, 1.2573761940002441, 1.2292275428771973, 1.2009690999984741], "val_accuracy": [0.054131053388118744, 0.0655270665884018, 0.1111111119389534, 0.17094017565250397, 0.20797720551490784, 0.2849002778530121, 0.2649572789669037, 0.23646724224090576, 0.36467236280441284, 0.38461539149284363, 0.3960113823413849, 0.4472934603691101, 0.4415954351425171, 0.5270655155181885, 0.5527065396308899, 0.56695157289505, 0.6039885878562927, 0.5925925970077515, 0.6011396050453186, 0.6467236280441284, 0.6752136945724487, 0.6837607026100159, 0.7094017267227173, 0.7777777910232544, 0.7749287486076355, 0.7977207899093628, 0.7948718070983887, 0.7948718070983887, 0.8376068472862244, 0.8233618140220642, 0.8660968542098999, 0.8290598392486572], "val_loss": [3.438415288925171, 3.2512381076812744, 3.008920431137085, 2.7763607501983643, 2.670926094055176, 2.4934074878692627, 2.3165998458862305, 2.5248231887817383, 2.004756212234497, 1.9312857389450073, 1.9021331071853638, 1.7363924980163574, 1.7789210081100464, 1.5337203741073608, 1.4924864768981934, 1.4131059646606445, 1.3869938850402832, 1.302013874053955, 1.1677825450897217, 1.1989744901657104, 0.9649656414985657, 1.0268527269363403, 0.9921408295631409, 0.8229088187217712, 0.7307054996490479, 0.6946230530738831, 0.7394107580184937, 0.696319043636322, 0.5995624661445618, 0.6338792443275452, 0.562852680683136, 0.569223940372467]}